spid,penalty
1,0.0638507
2,0.0551692
3,0.246287
4,0.277689
5,0.267455
6,0.309605
