spid,penalty
1,0.638507
2,0.551692
3,0
4,0
5,0
6,0
