spid,penalty
1,1.31713
2,0.533223
