spid,penalty
1,0.968168
2,0.127223
