spid,penalty
1,2.36479
2,4.43354
3,21.7358
4,22.3695
5,23.7941
6,26.0486
