spid,penalty
1,0.0264849
2,0.000845511
3,0.0107235
4,0.0120459
5,0.0132441
6,0.0167277
